{
    "avg": [
        -0.050578703847650376,
        0.18894243047517797,
        273.9440115380011,
        278.4432969300973,
        100957.83455225975,
        96650.54926571001,
        9.98121245487798e-05,
        199358.71005876514,
        157628.34249928704,
        133127.81625721196,
        115317.08960234585,
        101211.05470573556,
        89403.07021364404,
        69971.31376707471,
        54108.048650819546,
        40642.5617843112,
        28924.730939738314,
        13747.49580156963,
        7013.448070899158,
        737.241949740948,
        6.536853039556182,
        26.287018779265026,
        26.779935204535043,
        35.6279207474086,
        47.22894642834247,
        53.80416967306721,
        52.600285285797064,
        50.41744126211318,
        51.59832619826278,
        54.99811443676094,
        69.13325667397466,
        79.09115498733476,
        78.5957481113361,
        212.47938350942158,
        208.40426898517566,
        213.31528470686644,
        218.05124375149285,
        222.75478790223397,
        228.84766574215578,
        242.1106736466245,
        252.9210606815244,
        261.10328218534397,
        267.3532495742571,
        274.51460490835416,
        277.31337707169615,
        280.9691475075226,
        5.645227942273525,
        10.265229190663732,
        13.521802358149198,
        14.189418982402252,
        13.327308020712243,
        11.785346181402154,
        8.805052005466388,
        6.554164790667832,
        4.807839849235942,
        3.3405927085215352,
        1.4164081287442267,
        0.6164229803962662,
        -0.03323423301870315,
        0.00421479450462097,
        0.014114447137329322,
        -0.036905980164679275,
        -0.04500711762515039,
        -0.0297471509267377,
        -0.02290947274947566,
        -0.01769553511317443,
        -0.023851274180241078,
        -0.027140146243248838,
        0.021498575945348996,
        0.1426119318873906,
        0.20505587032314626,
        0.18649568999578517,
        -5.7616407771081846e-05,
        -2.1040761690741626e-05,
        2.415803080619223e-05,
        2.375255052670474e-05,
        3.5568856202930396e-05,
        0.00011930527058585981,
        0.0002947169128849345,
        0.0003366931431281364,
        0.0003782379938800822,
        0.0027625833446428883,
        0.011868511419282243,
        0.01759033747544719,
        0.0210366842783191
    ],
    "std": [
        5.543695309369625,
        4.762038783447179,
        20.77817771470573,
        21.293913620115138,
        1331.9317180190676,
        9588.057020705726,
        0.00038665414720792185,
        5892.984695688517,
        5522.455197138304,
        5832.616671372487,
        5827.223507701924,
        5542.75355824217,
        5097.499781995659,
        4155.4768878731,
        3356.947365623739,
        2698.680552100995,
        2138.026050153472,
        1470.8911104531326,
        1229.20849136444,
        1072.2452312386204,
        15.572649238169104,
        33.49764587065048,
        32.240405421049815,
        34.16319698899882,
        34.51083154029809,
        33.97084107841861,
        34.187722945173064,
        33.574737958339455,
        32.73662139553516,
        31.480966525902367,
        26.41082815713719,
        21.577012389989665,
        18.306622515264277,
        10.286779364653361,
        12.535537731064032,
        8.93868863679177,
        7.204405040095299,
        8.540881585379474,
        10.727231963182021,
        12.70255168804518,
        13.078379978538889,
        13.439016841957656,
        14.813920058802498,
        15.628987745527187,
        16.123143160248812,
        17.1715539675179,
        15.28367195367725,
        13.522175182120037,
        16.040171462580844,
        17.672003325605594,
        17.961562772674554,
        17.112973384796806,
        14.336605033791097,
        11.978400562117798,
        10.3286247627033,
        9.163330003195588,
        8.182543303436939,
        7.935333593723706,
        6.137503080503,
        7.054045993360149,
        7.47414725596605,
        9.56536106856179,
        11.872442222226672,
        13.37110525858625,
        13.33118095533984,
        11.221751019715379,
        9.175338274067853,
        7.798162825952932,
        6.866280022330323,
        6.260111264744468,
        6.466169616297545,
        5.304523669538916,
        0.012616687567021275,
        0.026060402407665235,
        0.05251196996481441,
        0.08327153163275047,
        0.11461488644089024,
        0.14616372897979987,
        0.19537305955088094,
        0.21828135221040698,
        0.22912158498241397,
        0.23958578207182893,
        0.23949053988067143,
        0.20416054498517203,
        0.14346188575397734
    ],
    "var_name_list": [
        "u10",
        "v10",
        "d2m",
        "t2m",
        "msl",
        "sp",
        "tp",
        "z/50",
        "z/100",
        "z/150",
        "z/200",
        "z/250",
        "z/300",
        "z/400",
        "z/500",
        "z/600",
        "z/700",
        "z/850",
        "z/925",
        "z/1000",
        "r/50",
        "r/100",
        "r/150",
        "r/200",
        "r/250",
        "r/300",
        "r/400",
        "r/500",
        "r/600",
        "r/700",
        "r/850",
        "r/925",
        "r/1000",
        "t/50",
        "t/100",
        "t/150",
        "t/200",
        "t/250",
        "t/300",
        "t/400",
        "t/500",
        "t/600",
        "t/700",
        "t/850",
        "t/925",
        "t/1000",
        "u/50",
        "u/100",
        "u/150",
        "u/200",
        "u/250",
        "u/300",
        "u/400",
        "u/500",
        "u/600",
        "u/700",
        "u/850",
        "u/925",
        "u/1000",
        "v/50",
        "v/100",
        "v/150",
        "v/200",
        "v/250",
        "v/300",
        "v/400",
        "v/500",
        "v/600",
        "v/700",
        "v/850",
        "v/925",
        "v/1000",
        "w/50",
        "w/100",
        "w/150",
        "w/200",
        "w/250",
        "w/300",
        "w/400",
        "w/500",
        "w/600",
        "w/700",
        "w/850",
        "w/925",
        "w/1000"
    ]
}